Accession,Organism_Name,Assembly,Nucleotide,SRA_Accession,Submitters,Release_Date,Isolate,Species,Genus,Family,Molecule_type,Length,GenBank_RefSeq,Genotype,Segment,Publications,Protein,Geo_Location,Country,USA,Host,Tissue_Specimen_Source,Collection_Date,BioSample,BioProject,GenBank_Title
WGM49901,Trichoderma harzianum negative-stranded virus 2,,OQ463851,SRR23531245,"Pagnoni,S., Oufensou,S., Balmas,V., Bulgari,D., Gobbi,E., Forgia,M., Migheli,Q., Turina,M.",2023-05-01,19-23,Trichoderma harzianum negative-stranded virus 2,,,ssRNA(-),1932,GenBank,,RNA1,,putative RNA-dependent RNA polymerase,Italy,Italy,,Trichoderma harzianum,,2006,SAMN33361767,PRJNA936709,MAG: putative RNA-dependent RNA polymerase [Trichoderma harzianum negative-stranded virus 2]
WGM49902,Trichoderma harzianum negative-stranded virus 2,,OQ463851,SRR23531245,"Pagnoni,S., Oufensou,S., Balmas,V., Bulgari,D., Gobbi,E., Forgia,M., Migheli,Q., Turina,M.",2023-05-01,19-23,Trichoderma harzianum negative-stranded virus 2,,,ssRNA(-),183,GenBank,,RNA1,,hypothetical protein,Italy,Italy,,Trichoderma harzianum,,2006,SAMN33361767,PRJNA936709,MAG: hypothetical protein [Trichoderma harzianum negative-stranded virus 2]
WGM49903,Trichoderma harzianum negative-stranded virus 2,,OQ463851,SRR23531245,"Pagnoni,S., Oufensou,S., Balmas,V., Bulgari,D., Gobbi,E., Forgia,M., Migheli,Q., Turina,M.",2023-05-01,19-23,Trichoderma harzianum negative-stranded virus 2,,,ssRNA(-),174,GenBank,,RNA1,,hypothetical protein,Italy,Italy,,Trichoderma harzianum,,2006,SAMN33361767,PRJNA936709,"MAG: hypothetical protein, partial [Trichoderma harzianum negative-stranded virus 2]"
WGH72981,Trichoderma harzianum mononegavirus 1,,OQ463847,SRR23531245,"Pagnoni,S., Oufensou,S., Balmas,V., Bulgari,D., Gobbi,E., Forgia,M., Migheli,Q., Turina,M.",2023-04-26,19-19,Trichoderma harzianum mononegavirus 1,,,ssRNA(-),1995,GenBank,,RNA1,,putative RNA-dependent RNA polymerase,Italy,Italy,,Trichoderma harzianum,,2006,SAMN33361767,PRJNA936709,MAG: putative RNA-dependent RNA polymerase [Trichoderma harzianum mononegavirus 1]
WGH72982,Trichoderma harzianum mononegavirus 1,,OQ463847,SRR23531245,"Pagnoni,S., Oufensou,S., Balmas,V., Bulgari,D., Gobbi,E., Forgia,M., Migheli,Q., Turina,M.",2023-04-26,19-19,Trichoderma harzianum mononegavirus 1,,,ssRNA(-),389,GenBank,,RNA1,,putative nucleocapsid protein,Italy,Italy,,Trichoderma harzianum,,2006,SAMN33361767,PRJNA936709,MAG: putative nucleocapsid protein [Trichoderma harzianum mononegavirus 1]
WGH72983,Trichoderma harzianum mononegavirus 1,,OQ463847,SRR23531245,"Pagnoni,S., Oufensou,S., Balmas,V., Bulgari,D., Gobbi,E., Forgia,M., Migheli,Q., Turina,M.",2023-04-26,19-19,Trichoderma harzianum mononegavirus 1,,,ssRNA(-),304,GenBank,,RNA1,,hypothetical protein,Italy,Italy,,Trichoderma harzianum,,2006,SAMN33361767,PRJNA936709,MAG: hypothetical protein [Trichoderma harzianum mononegavirus 1]
WGH72984,Trichoderma harzianum mononegavirus 1,,OQ463847,SRR23531245,"Pagnoni,S., Oufensou,S., Balmas,V., Bulgari,D., Gobbi,E., Forgia,M., Migheli,Q., Turina,M.",2023-04-26,19-19,Trichoderma harzianum mononegavirus 1,,,ssRNA(-),193,GenBank,,RNA1,,hypothetical protein,Italy,Italy,,Trichoderma harzianum,,2006,SAMN33361767,PRJNA936709,MAG: hypothetical protein [Trichoderma harzianum mononegavirus 1]
WGH72985,Trichoderma harzianum mononegavirus 1,,OQ463847,SRR23531245,"Pagnoni,S., Oufensou,S., Balmas,V., Bulgari,D., Gobbi,E., Forgia,M., Migheli,Q., Turina,M.",2023-04-26,19-19,Trichoderma harzianum mononegavirus 1,,,ssRNA(-),136,GenBank,,RNA1,,hypothetical protein,Italy,Italy,,Trichoderma harzianum,,2006,SAMN33361767,PRJNA936709,MAG: hypothetical protein [Trichoderma harzianum mononegavirus 1]
WGH72986,Trichoderma harzianum mononegavirus 1,,OQ463847,SRR23531245,"Pagnoni,S., Oufensou,S., Balmas,V., Bulgari,D., Gobbi,E., Forgia,M., Migheli,Q., Turina,M.",2023-04-26,19-19,Trichoderma harzianum mononegavirus 1,,,ssRNA(-),122,GenBank,,RNA1,,hypothetical protein,Italy,Italy,,Trichoderma harzianum,,2006,SAMN33361767,PRJNA936709,MAG: hypothetical protein [Trichoderma harzianum mononegavirus 1]
WGH72987,Trichoderma harzianum mononegavirus 2,,OQ463848,SRR23531245,"Pagnoni,S., Oufensou,S., Balmas,V., Bulgari,D., Gobbi,E., Forgia,M., Migheli,Q., Turina,M.",2023-04-26,9-28,Trichoderma harzianum mononegavirus 2,,,ssRNA(-),1987,GenBank,,RNA1,,putative RNA-dependent RNA polymerase,Italy,Italy,,Trichoderma harzianum,,2006,SAMN33361767,PRJNA936709,MAG: putative RNA-dependent RNA polymerase [Trichoderma harzianum mononegavirus 2]
DBA06989,Sclerotimonavirus sp.,,BK062943,,"Espinal,R.B.A., de Santana,S.F., Santos,V.C., Lizardo,G.N.R., Silva,R.J.S., Correa,R.X., Loguercio,L.L., Goes-Neto,A., Pirovani,C.P., Fonseca,P.L.C., Aguiar,E.R.G.R., Loguercio,L., Goes Neto,A.",2023-03-04,,Sclerotimonavirus sp.,Sclerotimonavirus,Mymonaviridae,ssRNA(-),1831,GenBank,,,1,RNA-dependent RNA polymerase,,,,Ceratocystis cacaofunesta,,,,,TPA_asm: RNA-dependent RNA polymerase [Sclerotimonavirus sp.]
WCA33783,Alternaria tenuissima negative-stranded RNA virus 2,,OP566533,,"Wang,W., Wang,X., Tu,C., Yang,M., Xiang,J., Wang,L., Hong,N., Zhai,L., Wang,G.",2023-01-29,HB-15,Alternaria tenuissima negative-stranded RNA virus 2,,,ssRNA(-),231,GenBank,,,1,hypothetical protein,China,China,,Alternaria tenuissima,,2017-07,,,hypothetical protein [Alternaria tenuissima negative-stranded RNA virus 2]
WCA33784,Alternaria tenuissima negative-stranded RNA virus 2,,OP566533,,"Wang,W., Wang,X., Tu,C., Yang,M., Xiang,J., Wang,L., Hong,N., Zhai,L., Wang,G.",2023-01-29,HB-15,Alternaria tenuissima negative-stranded RNA virus 2,,,ssRNA(-),402,GenBank,,,1,nucleoprotein,China,China,,Alternaria tenuissima,,2017-07,,,nucleoprotein [Alternaria tenuissima negative-stranded RNA virus 2]
WCA33785,Alternaria tenuissima negative-stranded RNA virus 2,,OP566533,,"Wang,W., Wang,X., Tu,C., Yang,M., Xiang,J., Wang,L., Hong,N., Zhai,L., Wang,G.",2023-01-29,HB-15,Alternaria tenuissima negative-stranded RNA virus 2,,,ssRNA(-),52,GenBank,,,1,hypothetical protein,China,China,,Alternaria tenuissima,,2017-07,,,hypothetical protein [Alternaria tenuissima negative-stranded RNA virus 2]
WCA33786,Alternaria tenuissima negative-stranded RNA virus 2,,OP566533,,"Wang,W., Wang,X., Tu,C., Yang,M., Xiang,J., Wang,L., Hong,N., Zhai,L., Wang,G.",2023-01-29,HB-15,Alternaria tenuissima negative-stranded RNA virus 2,,,ssRNA(-),1931,GenBank,,,1,RNA-dependent RNA polymerase,China,China,,Alternaria tenuissima,,2017-07,,,RNA-dependent RNA polymerase [Alternaria tenuissima negative-stranded RNA virus 2]
WCA33787,Alternaria tenuissima negative-stranded RNA virus 2,,OP566533,,"Wang,W., Wang,X., Tu,C., Yang,M., Xiang,J., Wang,L., Hong,N., Zhai,L., Wang,G.",2023-01-29,HB-15,Alternaria tenuissima negative-stranded RNA virus 2,,,ssRNA(-),186,GenBank,,,1,hypothetical protein,China,China,,Alternaria tenuissima,,2017-07,,,hypothetical protein [Alternaria tenuissima negative-stranded RNA virus 2]
UYL95351,Zhangzhou Mymon tick virus 3,,ON746412,SRR19429868,"Cao,W., Jia,N., Lam,T.T.-Y., Ni,X., Liu,J.",2022-12-06,TIGMIC 1,Zhangzhou Mymon tick virus 3,,Mymonaviridae,ssRNA(-),245,GenBank,,,,hypothetical protein,China: Fujiang,China,,Rhipicephalus sanguineus,,2019,SAMN28697445,PRJNA841744,MAG: hypothetical protein [Zhangzhou Mymon tick virus 3]
UYL95352,Zhangzhou Mymon tick virus 3,,ON746412,SRR19429868,"Cao,W., Jia,N., Lam,T.T.-Y., Ni,X., Liu,J.",2022-12-06,TIGMIC 1,Zhangzhou Mymon tick virus 3,,Mymonaviridae,ssRNA(-),386,GenBank,,,,nucleoprotein,China: Fujiang,China,,Rhipicephalus sanguineus,,2019,SAMN28697445,PRJNA841744,MAG: nucleoprotein [Zhangzhou Mymon tick virus 3]
UYL95353,Zhangzhou Mymon tick virus 3,,ON746412,SRR19429868,"Cao,W., Jia,N., Lam,T.T.-Y., Ni,X., Liu,J.",2022-12-06,TIGMIC 1,Zhangzhou Mymon tick virus 3,,Mymonaviridae,ssRNA(-),180,GenBank,,,,hypothetical protein,China: Fujiang,China,,Rhipicephalus sanguineus,,2019,SAMN28697445,PRJNA841744,MAG: hypothetical protein [Zhangzhou Mymon tick virus 3]
UYL95354,Zhangzhou Mymon tick virus 3,,ON746412,SRR19429868,"Cao,W., Jia,N., Lam,T.T.-Y., Ni,X., Liu,J.",2022-12-06,TIGMIC 1,Zhangzhou Mymon tick virus 3,,Mymonaviridae,ssRNA(-),1934,GenBank,,,,large polymerase,China: Fujiang,China,,Rhipicephalus sanguineus,,2019,SAMN28697445,PRJNA841744,MAG: large polymerase [Zhangzhou Mymon tick virus 3]
UYL95355,Sanya Mymon tick virus 1,,ON746413,SRR19411483,"Cao,W., Jia,N., Lam,T.T.-Y., Ni,X., Liu,J.",2022-12-06,TIGMIC 2,Sanya Mymon tick virus 1,,Mymonaviridae,ssRNA(-),344,GenBank,,,,hypothetical protein,China: Hainan,China,,Rhipicephalus sanguineus,,2019,SAMN28669449,PRJNA841744,MAG: hypothetical protein [Sanya Mymon tick virus 1]
UYL95356,Sanya Mymon tick virus 1,,ON746413,SRR19411483,"Cao,W., Jia,N., Lam,T.T.-Y., Ni,X., Liu,J.",2022-12-06,TIGMIC 2,Sanya Mymon tick virus 1,,Mymonaviridae,ssRNA(-),240,GenBank,,,,hypothetical protein,China: Hainan,China,,Rhipicephalus sanguineus,,2019,SAMN28669449,PRJNA841744,MAG: hypothetical protein [Sanya Mymon tick virus 1]
UYL95357,Sanya Mymon tick virus 1,,ON746413,SRR19411483,"Cao,W., Jia,N., Lam,T.T.-Y., Ni,X., Liu,J.",2022-12-06,TIGMIC 2,Sanya Mymon tick virus 1,,Mymonaviridae,ssRNA(-),203,GenBank,,,,hypothetical protein,China: Hainan,China,,Rhipicephalus sanguineus,,2019,SAMN28669449,PRJNA841744,MAG: hypothetical protein [Sanya Mymon tick virus 1]
UYL95358,Sanya Mymon tick virus 1,,ON746413,SRR19411483,"Cao,W., Jia,N., Lam,T.T.-Y., Ni,X., Liu,J.",2022-12-06,TIGMIC 2,Sanya Mymon tick virus 1,,Mymonaviridae,ssRNA(-),1965,GenBank,,,,large polymerase,China: Hainan,China,,Rhipicephalus sanguineus,,2019,SAMN28669449,PRJNA841744,MAG: large polymerase [Sanya Mymon tick virus 1]
UYL95359,Sanya Mymon tick virus 1,,ON746413,SRR19411483,"Cao,W., Jia,N., Lam,T.T.-Y., Ni,X., Liu,J.",2022-12-06,TIGMIC 2,Sanya Mymon tick virus 1,,Mymonaviridae,ssRNA(-),356,GenBank,,,,nucleoprotein,China: Hainan,China,,Rhipicephalus sanguineus,,2019,SAMN28669449,PRJNA841744,MAG: nucleoprotein [Sanya Mymon tick virus 1]
UYZ32459,Alternaria dianthicola negative-stranded RNA virus 1,,ON843764,,"Zhong,J., Li,P., Gao,B.D., Zhong,S.Y., Li,X.G., Hu,Z., Zhu,J.Z.",2022-11-07,,Alternaria dianthicola negative-stranded RNA virus 1,,,RNA,235,GenBank,,,1,hypothetical protein,China,China,,Alternaria dianthicola,,,,,hypothetical protein [Alternaria dianthicola negative-stranded RNA virus 1]
UYZ32460,Alternaria dianthicola negative-stranded RNA virus 1,,ON843764,,"Zhong,J., Li,P., Gao,B.D., Zhong,S.Y., Li,X.G., Hu,Z., Zhu,J.Z.",2022-11-07,,Alternaria dianthicola negative-stranded RNA virus 1,,,RNA,395,GenBank,,,1,nucleocapsid protein,China,China,,Alternaria dianthicola,,,,,nucleocapsid protein [Alternaria dianthicola negative-stranded RNA virus 1]
UYZ32461,Alternaria dianthicola negative-stranded RNA virus 1,,ON843764,,"Zhong,J., Li,P., Gao,B.D., Zhong,S.Y., Li,X.G., Hu,Z., Zhu,J.Z.",2022-11-07,,Alternaria dianthicola negative-stranded RNA virus 1,,,RNA,57,GenBank,,,1,hypothetical protein,China,China,,Alternaria dianthicola,,,,,hypothetical protein [Alternaria dianthicola negative-stranded RNA virus 1]
UYZ32462,Alternaria dianthicola negative-stranded RNA virus 1,,ON843764,,"Zhong,J., Li,P., Gao,B.D., Zhong,S.Y., Li,X.G., Hu,Z., Zhu,J.Z.",2022-11-07,,Alternaria dianthicola negative-stranded RNA virus 1,,,RNA,1933,GenBank,,,1,RNA-dependent RNA polymerase,China,China,,Alternaria dianthicola,,,,,RNA-dependent RNA polymerase [Alternaria dianthicola negative-stranded RNA virus 1]
UYZ32463,Alternaria dianthicola negative-stranded RNA virus 1,,ON843764,,"Zhong,J., Li,P., Gao,B.D., Zhong,S.Y., Li,X.G., Hu,Z., Zhu,J.Z.",2022-11-07,,Alternaria dianthicola negative-stranded RNA virus 1,,,RNA,184,GenBank,,,1,hypothetical protein,China,China,,Alternaria dianthicola,,,,,hypothetical protein [Alternaria dianthicola negative-stranded RNA virus 1]
UWK02082,Fusarium proliferatum mymonavirus 1,,OK524200,,"Zhang,J., Cuppone,F., Baroncelli,R., Prodi,A., Ratti,C.",2022-09-13,,Fusarium proliferatum mymonavirus 1,,Mymonaviridae,ssRNA(-),247,GenBank,,,,hypothetical protein,Italy,Italy,,Fusarium proliferatum,,2021-01-24,,,hypothetical protein [Fusarium proliferatum mymonavirus 1]
UWK02083,Fusarium proliferatum mymonavirus 1,,OK524200,,"Zhang,J., Cuppone,F., Baroncelli,R., Prodi,A., Ratti,C.",2022-09-13,,Fusarium proliferatum mymonavirus 1,,Mymonaviridae,ssRNA(-),392,GenBank,,,,hypothetical protein,Italy,Italy,,Fusarium proliferatum,,2021-01-24,,,hypothetical protein [Fusarium proliferatum mymonavirus 1]
UWK02084,Fusarium proliferatum mymonavirus 1,,OK524200,,"Zhang,J., Cuppone,F., Baroncelli,R., Prodi,A., Ratti,C.",2022-09-13,,Fusarium proliferatum mymonavirus 1,,Mymonaviridae,ssRNA(-),1926,GenBank,,,,RNA-dependent RNA polymerase,Italy,Italy,,Fusarium proliferatum,,2021-01-24,,,RNA-dependent RNA polymerase [Fusarium proliferatum mymonavirus 1]
UWK02085,Fusarium proliferatum mymonavirus 1,,OK524200,,"Zhang,J., Cuppone,F., Baroncelli,R., Prodi,A., Ratti,C.",2022-09-13,,Fusarium proliferatum mymonavirus 1,,Mymonaviridae,ssRNA(-),180,GenBank,,,,hypothetical protein,Italy,Italy,,Fusarium proliferatum,,2021-01-24,,,hypothetical protein [Fusarium proliferatum mymonavirus 1]
UVB78667,Cercospora beticola negative-stranded virus 3,,MZ599588,,"Li,Y., Zhou,M., Yang,Y., Liu,Q., Zhang,Z., Han,C., Wang,Y.",2022-08-22,,Cercospora beticola negative-stranded virus 3,,,ssRNA(-),1954,GenBank,,,1,RdRp,China,China,,Cercospora beticola,,2020-10-06,,,RdRp [Cercospora beticola negative-stranded virus 3]
UUG74110,XiangYun mono-chu-like virus 7,,OL700132,SRR16905217,"Feng,Y., Gou,Q.Y., Yang,W.H., Wu,W.C., Wang,J., Holmes,E.C., Liang,G.D., Shi,M.",2022-08-07,XY28730,XiangYun mono-chu-like virus 7,,,RNA,397,GenBank,,,,hypothetical protein,China: Yunnan,China,,Culex pipiens,,2018,SAMN23000026,PRJNA778885,MAG: hypothetical protein [XiangYun mono-chu-like virus 7]
UUG74111,XiangYun mono-chu-like virus 7,,OL700132,SRR16905217,"Feng,Y., Gou,Q.Y., Yang,W.H., Wu,W.C., Wang,J., Holmes,E.C., Liang,G.D., Shi,M.",2022-08-07,XY28730,XiangYun mono-chu-like virus 7,,,RNA,1989,GenBank,,,,RNA-dependent RNA polymerase,China: Yunnan,China,,Culex pipiens,,2018,SAMN23000026,PRJNA778885,MAG: RNA-dependent RNA polymerase [XiangYun mono-chu-like virus 7]
UNQ74997,Fusarium oxysporum mymonavirus 1,,OM049502,,"Wang,J., Li,S., Liu,H.",2022-03-29,LJ3-3,Hubramonavirus fusarii,Hubramonavirus,Mymonaviridae,ssRNA(-),263,GenBank,,,,ORF1,China: Henan,China,,Fusarium oxysporum,,2020-06-24,,,ORF1 [Fusarium oxysporum mymonavirus 1]
UNQ74998,Fusarium oxysporum mymonavirus 1,,OM049502,,"Wang,J., Li,S., Liu,H.",2022-03-29,LJ3-3,Hubramonavirus fusarii,Hubramonavirus,Mymonaviridae,ssRNA(-),412,GenBank,,,,ORF2,China: Henan,China,,Fusarium oxysporum,,2020-06-24,,,ORF2 [Fusarium oxysporum mymonavirus 1]
UNQ74999,Fusarium oxysporum mymonavirus 1,,OM049502,,"Wang,J., Li,S., Liu,H.",2022-03-29,LJ3-3,Hubramonavirus fusarii,Hubramonavirus,Mymonaviridae,ssRNA(-),190,GenBank,,,,ORF3,China: Henan,China,,Fusarium oxysporum,,2020-06-24,,,ORF3 [Fusarium oxysporum mymonavirus 1]
UNQ75000,Fusarium oxysporum mymonavirus 1,,OM049502,,"Wang,J., Li,S., Liu,H.",2022-03-29,LJ3-3,Hubramonavirus fusarii,Hubramonavirus,Mymonaviridae,ssRNA(-),193,GenBank,,,,ORF4,China: Henan,China,,Fusarium oxysporum,,2020-06-24,,,ORF4 [Fusarium oxysporum mymonavirus 1]
UNQ75001,Fusarium oxysporum mymonavirus 1,,OM049502,,"Wang,J., Li,S., Liu,H.",2022-03-29,LJ3-3,Hubramonavirus fusarii,Hubramonavirus,Mymonaviridae,ssRNA(-),1952,GenBank,,,,RNA-dependent RNA polymerase,China: Henan,China,,Fusarium oxysporum,,2020-06-24,,,RNA-dependent RNA polymerase [Fusarium oxysporum mymonavirus 1]
UNG44329,Fusarium asiaticum negative-stranded RNA virus 1,,MZ969066,,"Huang,H., Hua,X., Pang,X., Zhang,Z., Ren,J., Cheng,J., Fu,Y., Xiao,X., Lin,Y., Chen,T., Li,B., Liu,H., Jiang,D., Xie,J.",2022-03-20,,Sclerotimonavirus asiafusarii,Sclerotimonavirus,Mymonaviridae,ssRNA(-),259,GenBank,,,,hypothetical protein,China: Yangtze Valley Plain,China,,Fusarium asiaticum,,2016-05,,,hypothetical protein [Fusarium asiaticum negative-stranded RNA virus 1]
UNG44330,Fusarium asiaticum negative-stranded RNA virus 1,,MZ969066,,"Huang,H., Hua,X., Pang,X., Zhang,Z., Ren,J., Cheng,J., Fu,Y., Xiao,X., Lin,Y., Chen,T., Li,B., Liu,H., Jiang,D., Xie,J.",2022-03-20,,Sclerotimonavirus asiafusarii,Sclerotimonavirus,Mymonaviridae,ssRNA(-),388,GenBank,,,,nucleoprotein,China: Yangtze Valley Plain,China,,Fusarium asiaticum,,2016-05,,,nucleoprotein [Fusarium asiaticum negative-stranded RNA virus 1]
UNG44331,Fusarium asiaticum negative-stranded RNA virus 1,,MZ969066,,"Huang,H., Hua,X., Pang,X., Zhang,Z., Ren,J., Cheng,J., Fu,Y., Xiao,X., Lin,Y., Chen,T., Li,B., Liu,H., Jiang,D., Xie,J.",2022-03-20,,Sclerotimonavirus asiafusarii,Sclerotimonavirus,Mymonaviridae,ssRNA(-),1939,GenBank,,,,RNA-dependent RNA polymerase,China: Yangtze Valley Plain,China,,Fusarium asiaticum,,2016-05,,,RNA-dependent RNA polymerase [Fusarium asiaticum negative-stranded RNA virus 1]
UNG44332,Fusarium asiaticum negative-stranded RNA virus 1,,MZ969066,,"Huang,H., Hua,X., Pang,X., Zhang,Z., Ren,J., Cheng,J., Fu,Y., Xiao,X., Lin,Y., Chen,T., Li,B., Liu,H., Jiang,D., Xie,J.",2022-03-20,,Sclerotimonavirus asiafusarii,Sclerotimonavirus,Mymonaviridae,ssRNA(-),185,GenBank,,,,hypothetical protein,China: Yangtze Valley Plain,China,,Fusarium asiaticum,,2016-05,,,hypothetical protein [Fusarium asiaticum negative-stranded RNA virus 1]
QYF49867,Xinjiang mymona-like virus 2,,MW897041,SRR14039704,"Chen,Y.M., Sadiq,S., Tian,J.H., Chen,X., Lin,X.D., Shen,J.J., Chen,H., Hao,Z.Y., Wille,M., Zhou,Z.C., Wu,J., Li,F., Wang,H.W., Yang,W.D., Xu,Q.Y., Wang,W., Gao,W.H., Holmes,E.C., Zhang,Y.Z., Chen,Y.-M., Zhang,Y.-Z.",2022-03-10,236-k141_383893,Xinjiang mymona-like virus 2,,Mymonaviridae,ssRNA(-),1963,GenBank,,,1,RNA-dependent RNA polymerase,China: Xinjiang,China,,,,2017-08-27,SAMN18395397,PRJNA716119,MAG: RNA-dependent RNA polymerase [Xinjiang mymona-like virus 2]
QYK37508,Yunnan mymona-like virus 1,,MW897022,SRR14039563,"Chen,Y.M., Sadiq,S., Tian,J.H., Chen,X., Lin,X.D., Shen,J.J., Chen,H., Hao,Z.Y., Wille,M., Zhou,Z.C., Wu,J., Li,F., Wang,H.W., Yang,W.D., Xu,Q.Y., Wang,W., Gao,W.H., Holmes,E.C., Zhang,Y.Z., Chen,Y.-M., Zhang,Y.-Z.",2022-03-10,R1-k141_1515735,Yunnan mymona-like virus 1,,Mymonaviridae,ssRNA(-),356,GenBank,,,1,hypothetical protein,China: Yunnan,China,,,,2018-04-01,SAMN18395524,PRJNA716119,MAG: hypothetical protein [Yunnan mymona-like virus 1]
QYN16466,Yunnan mymona-like virus 1,,MW897022,SRR14039563,"Chen,Y.M., Sadiq,S., Tian,J.H., Chen,X., Lin,X.D., Shen,J.J., Chen,H., Hao,Z.Y., Wille,M., Zhou,Z.C., Wu,J., Li,F., Wang,H.W., Yang,W.D., Xu,Q.Y., Wang,W., Gao,W.H., Holmes,E.C., Zhang,Y.Z., Chen,Y.-M., Zhang,Y.-Z.",2022-03-10,R1-k141_1515735,Yunnan mymona-like virus 1,,Mymonaviridae,ssRNA(-),1178,GenBank,,,1,RNA-dependent RNA polymerase,China: Yunnan,China,,,,2018-04-01,SAMN18395524,PRJNA716119,"MAG: RNA-dependent RNA polymerase, partial [Yunnan mymona-like virus 1]"
QXN75387,Grapevine-associated mononega-like virus 3,,MW648481,SRR13754975,"Nerva,L., Garcia,J.F., Favaretto,F., Giudice,G., Moffa,L., Dario,C., Riccardo,V., Gambino,G., Chitarra,W.",2021-07-20,,Grapevine-associated mononega-like virus 3,,,ssRNA(-),1223,GenBank,,,,RNA-dependent RNA polymerase,Italy,Italy,,Vitis vinifera,,2017-10,SAMN18015758,PRJNA703377,"MAG: RNA-dependent RNA polymerase, partial [Grapevine-associated mononega-like virus 3]"
QVU39967,Magnaporthe oryzae mononegaambi virus 1,,MW752165,,"Urzo,M.L.R., Cope,A.E., Guinto,T.D., Kondo,H., Suzuki,N.",2021-05-30,937_NGS_MO,Magnaporthe oryzae mononegaambi virus 1,,,RNA,1945,GenBank,,,,RNA-dependent RNA polymerase,Philippines,Philippines,,Pyricularia oryzae,,1995,,,RNA-dependent RNA polymerase [Magnaporthe oryzae mononegaambi virus 1]
DAD54827,Armillaria mellea negative strand RNA virus 2,,BK014417,SRR10392772,"Linnakoski,R., Sutela,S., Coetzee,M.P.A., Duong,T.A., Pavlov,I.N., Litovka,Y.A., Hantula,J., Wingfield,B.D., Vainio,E.J., Pavlov,I., Litovka,J.",2021-05-29,,Armillaria mellea negative strand RNA virus 2,,,ssRNA(-),249,GenBank,,,1,ORF1 protein,,,,Armillaria mellea,,,,,TPA_asm: ORF1 protein [Armillaria mellea negative strand RNA virus 2]
DAD54828,Armillaria mellea negative strand RNA virus 2,,BK014417,SRR10392772,"Linnakoski,R., Sutela,S., Coetzee,M.P.A., Duong,T.A., Pavlov,I.N., Litovka,Y.A., Hantula,J., Wingfield,B.D., Vainio,E.J., Pavlov,I., Litovka,J.",2021-05-29,,Armillaria mellea negative strand RNA virus 2,,,ssRNA(-),444,GenBank,,,1,ORF2 protein,,,,Armillaria mellea,,,,,TPA_asm: ORF2 protein [Armillaria mellea negative strand RNA virus 2]
DAD54829,Armillaria mellea negative strand RNA virus 2,,BK014417,SRR10392772,"Linnakoski,R., Sutela,S., Coetzee,M.P.A., Duong,T.A., Pavlov,I.N., Litovka,Y.A., Hantula,J., Wingfield,B.D., Vainio,E.J., Pavlov,I., Litovka,J.",2021-05-29,,Armillaria mellea negative strand RNA virus 2,,,ssRNA(-),157,GenBank,,,1,ORF3 protein,,,,Armillaria mellea,,,,,TPA_asm: ORF3 protein [Armillaria mellea negative strand RNA virus 2]
DAD54830,Armillaria mellea negative strand RNA virus 2,,BK014417,SRR10392772,"Linnakoski,R., Sutela,S., Coetzee,M.P.A., Duong,T.A., Pavlov,I.N., Litovka,Y.A., Hantula,J., Wingfield,B.D., Vainio,E.J., Pavlov,I., Litovka,J.",2021-05-29,,Armillaria mellea negative strand RNA virus 2,,,ssRNA(-),222,GenBank,,,1,ORF4 protein,,,,Armillaria mellea,,,,,TPA_asm: ORF4 protein [Armillaria mellea negative strand RNA virus 2]
DAD54831,Armillaria mellea negative strand RNA virus 2,,BK014417,SRR10392772,"Linnakoski,R., Sutela,S., Coetzee,M.P.A., Duong,T.A., Pavlov,I.N., Litovka,Y.A., Hantula,J., Wingfield,B.D., Vainio,E.J., Pavlov,I., Litovka,J.",2021-05-29,,Armillaria mellea negative strand RNA virus 2,,,ssRNA(-),200,GenBank,,,1,ORF5 protein,,,,Armillaria mellea,,,,,TPA_asm: ORF5 protein [Armillaria mellea negative strand RNA virus 2]
DAD54832,Armillaria mellea negative strand RNA virus 2,,BK014417,SRR10392772,"Linnakoski,R., Sutela,S., Coetzee,M.P.A., Duong,T.A., Pavlov,I.N., Litovka,Y.A., Hantula,J., Wingfield,B.D., Vainio,E.J., Pavlov,I., Litovka,J.",2021-05-29,,Armillaria mellea negative strand RNA virus 2,,,ssRNA(-),1979,GenBank,,,1,large protein,,,,Armillaria mellea,,,,,TPA_asm: large protein [Armillaria mellea negative strand RNA virus 2]
QJW70344,Erysiphe necator associated negative-stranded RNA virus 5,,MN617042,,"Rodriguez-Romero,J., Chiapello,M., Cordoba,L., Turina,M., Ayllon,M.A.",2021-05-20,PMS10_154,Erysiphe necator associated negative-stranded RNA virus 5,,,RNA,1951,GenBank,,,,RNA-dependent RNA polymerase,Spain,Spain,,Erysiphe necator,,2018,,,RNA-dependent RNA polymerase [Erysiphe necator associated negative-stranded RNA virus 5]
QJW70354,Erysiphe necator associated negative-stranded RNA virus 6,,MN617052,,"Rodriguez-Romero,J., Chiapello,M., Cordoba,L., Turina,M., Ayllon,M.A.",2021-05-20,PMS3_236,Erysiphe necator associated negative-stranded RNA virus 6,,,RNA,1954,GenBank,,,,RNA-dependent RNA polymerase,Spain,Spain,,Erysiphe necator,,2018,,,RNA-dependent RNA polymerase [Erysiphe necator associated negative-stranded RNA virus 6]
QJW70355,Erysiphe necator associated negative-stranded RNA virus 23,,MN617053,,"Rodriguez-Romero,J., Chiapello,M., Cordoba,L., Turina,M., Ayllon,M.A.",2021-05-20,PMS3_29,Erysiphe necator associated negative-stranded RNA virus 23,,,RNA,1976,GenBank,,,,RNA-dependent RNA polymerase,Spain,Spain,,Erysiphe necator,,2018,,,RNA-dependent RNA polymerase [Erysiphe necator associated negative-stranded RNA virus 23]
QJW70363,Erysiphe necator associated negative-stranded RNA virus 2,,MN617061,,"Rodriguez-Romero,J., Chiapello,M., Cordoba,L., Turina,M., Ayllon,M.A.",2021-05-20,PMS5_DN69581,Erysiphe necator associated negative-stranded RNA virus 2,,,RNA,1952,GenBank,,,,RNA-dependent RNA polymerase,Spain,Spain,,Erysiphe necator,,2018,,,RNA-dependent RNA polymerase [Erysiphe necator associated negative-stranded RNA virus 2]
QUD20349,Armillaria mellea negative strand RNA virus 1,,MW423801,,"Linnakoski,R., Sutela,S., Coetzee,M.P.A., Duong,T.A., Pavlov,I.N., Litovka,Y.A., Hantula,J., Wingfield,B.D., Vainio,E.J., Pavlov,I., Litovka,J.",2021-04-27,,Lentimonavirus armillariae,Lentimonavirus,Mymonaviridae,ssRNA(-),279,GenBank,,,,ORF1 protein,South Africa,South Africa,,Armillaria mellea,,1996-02-01,,,ORF1 protein [Armillaria mellea negative strand RNA virus 1]
QUD20350,Armillaria mellea negative strand RNA virus 1,,MW423801,,"Linnakoski,R., Sutela,S., Coetzee,M.P.A., Duong,T.A., Pavlov,I.N., Litovka,Y.A., Hantula,J., Wingfield,B.D., Vainio,E.J., Pavlov,I., Litovka,J.",2021-04-27,,Lentimonavirus armillariae,Lentimonavirus,Mymonaviridae,ssRNA(-),514,GenBank,,,,ORF2 protein,South Africa,South Africa,,Armillaria mellea,,1996-02-01,,,ORF2 protein [Armillaria mellea negative strand RNA virus 1]
QUD20351,Armillaria mellea negative strand RNA virus 1,,MW423801,,"Linnakoski,R., Sutela,S., Coetzee,M.P.A., Duong,T.A., Pavlov,I.N., Litovka,Y.A., Hantula,J., Wingfield,B.D., Vainio,E.J., Pavlov,I., Litovka,J.",2021-04-27,,Lentimonavirus armillariae,Lentimonavirus,Mymonaviridae,ssRNA(-),199,GenBank,,,,ORF3 protein,South Africa,South Africa,,Armillaria mellea,,1996-02-01,,,ORF3 protein [Armillaria mellea negative strand RNA virus 1]
QUD20352,Armillaria mellea negative strand RNA virus 1,,MW423801,,"Linnakoski,R., Sutela,S., Coetzee,M.P.A., Duong,T.A., Pavlov,I.N., Litovka,Y.A., Hantula,J., Wingfield,B.D., Vainio,E.J., Pavlov,I., Litovka,J.",2021-04-27,,Lentimonavirus armillariae,Lentimonavirus,Mymonaviridae,ssRNA(-),247,GenBank,,,,ORF4 protein,South Africa,South Africa,,Armillaria mellea,,1996-02-01,,,ORF4 protein [Armillaria mellea negative strand RNA virus 1]
QUD20353,Armillaria mellea negative strand RNA virus 1,,MW423801,,"Linnakoski,R., Sutela,S., Coetzee,M.P.A., Duong,T.A., Pavlov,I.N., Litovka,Y.A., Hantula,J., Wingfield,B.D., Vainio,E.J., Pavlov,I., Litovka,J.",2021-04-27,,Lentimonavirus armillariae,Lentimonavirus,Mymonaviridae,ssRNA(-),1950,GenBank,,,,large protein,South Africa,South Africa,,Armillaria mellea,,1996-02-01,,,large protein [Armillaria mellea negative strand RNA virus 1]
QUD20354,Armillaria mellea negative strand RNA virus 1,,MW423801,,"Linnakoski,R., Sutela,S., Coetzee,M.P.A., Duong,T.A., Pavlov,I.N., Litovka,Y.A., Hantula,J., Wingfield,B.D., Vainio,E.J., Pavlov,I., Litovka,J.",2021-04-27,,Lentimonavirus armillariae,Lentimonavirus,Mymonaviridae,ssRNA(-),157,GenBank,,,,ORF5 protein,South Africa,South Africa,,Armillaria mellea,,1996-02-01,,,ORF5 protein [Armillaria mellea negative strand RNA virus 1]
QJT73696,Botrytis cinerea negative-stranded RNA virus 3,,MN617150,,"Ruiz-Padilla,A., Rodriguez-Romero,J., Gomez-Cid,I., Pacifico,D., Ayllon,M.A., Chiapello,M., Turina,M.",2021-04-08,BCS11_19,Sclerotimonavirus alphabotrytidis,Sclerotimonavirus,Mymonaviridae,ssRNA(-),1934,GenBank,,,1,RNA-dependent RNA polymerase,Spain,Spain,,Botrytis cinerea,,2018,,,RNA-dependent RNA polymerase [Botrytis cinerea negative-stranded RNA virus 3]
QJT73697,Botrytis cinerea negative-stranded RNA virus 3,,MN617150,,"Ruiz-Padilla,A., Rodriguez-Romero,J., Gomez-Cid,I., Pacifico,D., Ayllon,M.A., Chiapello,M., Turina,M.",2021-04-08,BCS11_19,Sclerotimonavirus alphabotrytidis,Sclerotimonavirus,Mymonaviridae,ssRNA(-),410,GenBank,,,1,glycoprotein 2,Spain,Spain,,Botrytis cinerea,,2018,,,glycoprotein 2 [Botrytis cinerea negative-stranded RNA virus 3]
QJT73698,Botrytis cinerea negative-stranded RNA virus 4,,MN617151,,"Ruiz-Padilla,A., Rodriguez-Romero,J., Gomez-Cid,I., Pacifico,D., Ayllon,M.A., Chiapello,M., Turina,M.",2021-04-08,BCS12_DN161,Sclerotimonavirus betabotrytidis,Sclerotimonavirus,Mymonaviridae,ssRNA(-),1949,GenBank,,,1,RNA-dependent RNA polymerase,Spain,Spain,,Botrytis cinerea,,2018,,,RNA-dependent RNA polymerase [Botrytis cinerea negative-stranded RNA virus 4]
QJT73699,Botrytis cinerea negative-stranded RNA virus 4,,MN617151,,"Ruiz-Padilla,A., Rodriguez-Romero,J., Gomez-Cid,I., Pacifico,D., Ayllon,M.A., Chiapello,M., Turina,M.",2021-04-08,BCS12_DN161,Sclerotimonavirus betabotrytidis,Sclerotimonavirus,Mymonaviridae,ssRNA(-),180,GenBank,,,1,hypothetical protein,Spain,Spain,,Botrytis cinerea,,2018,,,hypothetical protein [Botrytis cinerea negative-stranded RNA virus 4]
QJT73700,Botrytis cinerea negative-stranded RNA virus 4,,MN617151,,"Ruiz-Padilla,A., Rodriguez-Romero,J., Gomez-Cid,I., Pacifico,D., Ayllon,M.A., Chiapello,M., Turina,M.",2021-04-08,BCS12_DN161,Sclerotimonavirus betabotrytidis,Sclerotimonavirus,Mymonaviridae,ssRNA(-),385,GenBank,,,1,glycoprotein 2,Spain,Spain,,Botrytis cinerea,,2018,,,glycoprotein 2 [Botrytis cinerea negative-stranded RNA virus 4]
QJT73701,Botrytis cinerea negative-stranded RNA virus 5,,MN617152,,"Ruiz-Padilla,A., Rodriguez-Romero,J., Gomez-Cid,I., Pacifico,D., Ayllon,M.A., Chiapello,M., Turina,M.",2021-04-08,BCS15_DN100,Botrytimonavirus alphabotrytidis,Botrytimonavirus,Mymonaviridae,ssRNA(-),1953,GenBank,,,1,RNA-dependent RNA polymerase,Spain,Spain,,Botrytis cinerea,,2018,,,RNA-dependent RNA polymerase [Botrytis cinerea negative-stranded RNA virus 5]
QJW39405,Botrytis cinerea negative-stranded RNA virus 3,,MN617150,,"Ruiz-Padilla,A., Rodriguez-Romero,J., Gomez-Cid,I., Pacifico,D., Ayllon,M.A., Chiapello,M., Turina,M.",2021-04-08,BCS11_19,Sclerotimonavirus alphabotrytidis,Sclerotimonavirus,Mymonaviridae,ssRNA(-),285,GenBank,,,1,glycoprotein 1,Spain,Spain,,Botrytis cinerea,,2018,,,glycoprotein 1 [Botrytis cinerea negative-stranded RNA virus 3]
QJW39406,Botrytis cinerea negative-stranded RNA virus 3,,MN617150,,"Ruiz-Padilla,A., Rodriguez-Romero,J., Gomez-Cid,I., Pacifico,D., Ayllon,M.A., Chiapello,M., Turina,M.",2021-04-08,BCS11_19,Sclerotimonavirus alphabotrytidis,Sclerotimonavirus,Mymonaviridae,ssRNA(-),220,GenBank,,,1,hypothetical protein,Spain,Spain,,Botrytis cinerea,,2018,,,hypothetical protein [Botrytis cinerea negative-stranded RNA virus 3]
QJW39407,Botrytis cinerea negative-stranded RNA virus 4,,MN617151,,"Ruiz-Padilla,A., Rodriguez-Romero,J., Gomez-Cid,I., Pacifico,D., Ayllon,M.A., Chiapello,M., Turina,M.",2021-04-08,BCS12_DN161,Sclerotimonavirus betabotrytidis,Sclerotimonavirus,Mymonaviridae,ssRNA(-),245,GenBank,,,1,hypothetical protein,Spain,Spain,,Botrytis cinerea,,2018,,,hypothetical protein [Botrytis cinerea negative-stranded RNA virus 4]
QJW39409,Botrytis cinerea negative-stranded RNA virus 5,,MN617152,,"Ruiz-Padilla,A., Rodriguez-Romero,J., Gomez-Cid,I., Pacifico,D., Ayllon,M.A., Chiapello,M., Turina,M.",2021-04-08,BCS15_DN100,Botrytimonavirus alphabotrytidis,Botrytimonavirus,Mymonaviridae,ssRNA(-),284,GenBank,,,1,hypothetical protein,Spain,Spain,,Botrytis cinerea,,2018,,,hypothetical protein [Botrytis cinerea negative-stranded RNA virus 5]
QJW39410,Botrytis cinerea negative-stranded RNA virus 5,,MN617152,,"Ruiz-Padilla,A., Rodriguez-Romero,J., Gomez-Cid,I., Pacifico,D., Ayllon,M.A., Chiapello,M., Turina,M.",2021-04-08,BCS15_DN100,Botrytimonavirus alphabotrytidis,Botrytimonavirus,Mymonaviridae,ssRNA(-),334,GenBank,,,1,hypothetical protein,Spain,Spain,,Botrytis cinerea,,2018,,,hypothetical protein [Botrytis cinerea negative-stranded RNA virus 5]
QJW39411,Botrytis cinerea negative-stranded RNA virus 5,,MN617152,,"Ruiz-Padilla,A., Rodriguez-Romero,J., Gomez-Cid,I., Pacifico,D., Ayllon,M.A., Chiapello,M., Turina,M.",2021-04-08,BCS15_DN100,Botrytimonavirus alphabotrytidis,Botrytimonavirus,Mymonaviridae,ssRNA(-),394,GenBank,,,1,hypothetical protein,Spain,Spain,,Botrytis cinerea,,2018,,,hypothetical protein [Botrytis cinerea negative-stranded RNA virus 5]
QNQ73375,Bondarzewia berkeleyi negative-strand RNA virus 1,,MT447187,,"Vainio,E.J., Sutela,S.",2020-09-14,FD-104,Auricularimonavirus bondarzewiae,Auricularimonavirus,Mymonaviridae,ssRNA(-),279,GenBank,,,,ORF1 protein,USA,USA,,Bondarzewia berkeleyi,,2008-09-21,,,ORF1 protein [Bondarzewia berkeleyi negative-strand RNA virus 1]
QNQ73376,Bondarzewia berkeleyi negative-strand RNA virus 1,,MT447187,,"Vainio,E.J., Sutela,S.",2020-09-14,FD-104,Auricularimonavirus bondarzewiae,Auricularimonavirus,Mymonaviridae,ssRNA(-),425,GenBank,,,,putative nucleocapsid protein,USA,USA,,Bondarzewia berkeleyi,,2008-09-21,,,putative nucleocapsid protein [Bondarzewia berkeleyi negative-strand RNA virus 1]
QNQ73377,Bondarzewia berkeleyi negative-strand RNA virus 1,,MT447187,,"Vainio,E.J., Sutela,S.",2020-09-14,FD-104,Auricularimonavirus bondarzewiae,Auricularimonavirus,Mymonaviridae,ssRNA(-),230,GenBank,,,,ORF3 protein,USA,USA,,Bondarzewia berkeleyi,,2008-09-21,,,ORF3 protein [Bondarzewia berkeleyi negative-strand RNA virus 1]
QNQ73378,Bondarzewia berkeleyi negative-strand RNA virus 1,,MT447187,,"Vainio,E.J., Sutela,S.",2020-09-14,FD-104,Auricularimonavirus bondarzewiae,Auricularimonavirus,Mymonaviridae,ssRNA(-),164,GenBank,,,,ORF4 protein,USA,USA,,Bondarzewia berkeleyi,,2008-09-21,,,ORF4 protein [Bondarzewia berkeleyi negative-strand RNA virus 1]
QNQ73379,Bondarzewia berkeleyi negative-strand RNA virus 1,,MT447187,,"Vainio,E.J., Sutela,S.",2020-09-14,FD-104,Auricularimonavirus bondarzewiae,Auricularimonavirus,Mymonaviridae,ssRNA(-),200,GenBank,,,,ORF5 protein,USA,USA,,Bondarzewia berkeleyi,,2008-09-21,,,ORF5 protein [Bondarzewia berkeleyi negative-strand RNA virus 1]
QNQ73380,Bondarzewia berkeleyi negative-strand RNA virus 1,,MT447187,,"Vainio,E.J., Sutela,S.",2020-09-14,FD-104,Auricularimonavirus bondarzewiae,Auricularimonavirus,Mymonaviridae,ssRNA(-),1970,GenBank,,,,large protein,USA,USA,,Bondarzewia berkeleyi,,2008-09-21,,,large protein [Bondarzewia berkeleyi negative-strand RNA virus 1]
QMP84017,Cryphonectria parasitica sclerotimonavirus 1,,MT354565,,"Forgia,M., Isgenderli,E., Aghayeva,D., Turina,M.",2020-08-03,,Sclerotimonavirus cryphonectriae,Sclerotimonavirus,Mymonaviridae,ssRNA(-),293,GenBank,,,,hypothetical protein,Azerbaijan,Azerbaijan,,Cryphonectria parasitica,,2019-02,,,hypothetical protein [Cryphonectria parasitica sclerotimonavirus 1]
QMP84018,Cryphonectria parasitica sclerotimonavirus 1,,MT354565,,"Forgia,M., Isgenderli,E., Aghayeva,D., Turina,M.",2020-08-03,,Sclerotimonavirus cryphonectriae,Sclerotimonavirus,Mymonaviridae,ssRNA(-),391,GenBank,,,,hypothetical protein,Azerbaijan,Azerbaijan,,Cryphonectria parasitica,,2019-02,,,hypothetical protein [Cryphonectria parasitica sclerotimonavirus 1]
QMP84019,Cryphonectria parasitica sclerotimonavirus 1,,MT354565,,"Forgia,M., Isgenderli,E., Aghayeva,D., Turina,M.",2020-08-03,,Sclerotimonavirus cryphonectriae,Sclerotimonavirus,Mymonaviridae,ssRNA(-),42,GenBank,,,,hypothetical protein,Azerbaijan,Azerbaijan,,Cryphonectria parasitica,,2019-02,,,hypothetical protein [Cryphonectria parasitica sclerotimonavirus 1]
QMP84020,Cryphonectria parasitica sclerotimonavirus 1,,MT354565,,"Forgia,M., Isgenderli,E., Aghayeva,D., Turina,M.",2020-08-03,,Sclerotimonavirus cryphonectriae,Sclerotimonavirus,Mymonaviridae,ssRNA(-),1931,GenBank,,,,putative RNA-dependent RNA polymerase,Azerbaijan,Azerbaijan,,Cryphonectria parasitica,,2019-02,,,putative RNA-dependent RNA polymerase [Cryphonectria parasitica sclerotimonavirus 1]
QMP84021,Cryphonectria parasitica sclerotimonavirus 1,,MT354565,,"Forgia,M., Isgenderli,E., Aghayeva,D., Turina,M.",2020-08-03,,Sclerotimonavirus cryphonectriae,Sclerotimonavirus,Mymonaviridae,ssRNA(-),178,GenBank,,,,hypothetical protein,Azerbaijan,Azerbaijan,,Cryphonectria parasitica,,2019-02,,,hypothetical protein [Cryphonectria parasitica sclerotimonavirus 1]
QKW91270,Botrytis cinerea negative-stranded RNA virus 7,,MT157413,,"Ruiz-Padilla,A., Rodriguez-Romero,J., Gomez-Cid,I., Pacifico,D., Ayllon,M.A., Chiapello,M., Turina,M.",2020-06-27,BCS13_DN1,Botrytimonavirus botrytidis,Botrytimonavirus,Mymonaviridae,ssRNA(-),1953,GenBank,,,1,RNA-dependent RNA polymerase,Spain,Spain,,Botrytis cinerea,,2018,,,RNA-dependent RNA polymerase [Botrytis cinerea negative-stranded RNA virus 7]
QKW91271,Botrytis cinerea negative-stranded RNA virus 7,,MT157413,,"Ruiz-Padilla,A., Rodriguez-Romero,J., Gomez-Cid,I., Pacifico,D., Ayllon,M.A., Chiapello,M., Turina,M.",2020-06-27,BCS13_DN1,Botrytimonavirus botrytidis,Botrytimonavirus,Mymonaviridae,ssRNA(-),300,GenBank,,,1,hypothetical protein,Spain,Spain,,Botrytis cinerea,,2018,,,hypothetical protein [Botrytis cinerea negative-stranded RNA virus 7]
QKW91272,Botrytis cinerea negative-stranded RNA virus 7,,MT157413,,"Ruiz-Padilla,A., Rodriguez-Romero,J., Gomez-Cid,I., Pacifico,D., Ayllon,M.A., Chiapello,M., Turina,M.",2020-06-27,BCS13_DN1,Botrytimonavirus botrytidis,Botrytimonavirus,Mymonaviridae,ssRNA(-),394,GenBank,,,1,hypothetical protein,Spain,Spain,,Botrytis cinerea,,2018,,,hypothetical protein [Botrytis cinerea negative-stranded RNA virus 7]
QKW91273,Botrytis cinerea negative-stranded RNA virus 7,,MT157413,,"Ruiz-Padilla,A., Rodriguez-Romero,J., Gomez-Cid,I., Pacifico,D., Ayllon,M.A., Chiapello,M., Turina,M.",2020-06-27,BCS13_DN1,Botrytimonavirus botrytidis,Botrytimonavirus,Mymonaviridae,ssRNA(-),321,GenBank,,,1,hypothetical protein,Spain,Spain,,Botrytis cinerea,,2018,,,hypothetical protein [Botrytis cinerea negative-stranded RNA virus 7]
QJP04103,Auricularia heimuer negative-stranded RNA virus 1,set:MT259204,MT259204,,"Li,X.",2020-05-09,CCMJ1222,Auricularimonavirus auriculariae,Auricularimonavirus,Mymonaviridae,ssRNA(-),1969,GenBank,,,,RNA-dependent RNA polymerase,China,China,,Auricularia heimuer,,,,,RNA-dependent RNA polymerase [Auricularia heimuer negative-stranded RNA virus 1]
QJP04104,Auricularia heimuer negative-stranded RNA virus 1,set:MT259204,MT259204,,"Li,X.",2020-05-09,CCMJ1222,Auricularimonavirus auriculariae,Auricularimonavirus,Mymonaviridae,ssRNA(-),451,GenBank,,,,hypothetical protein,China,China,,Auricularia heimuer,,,,,hypothetical protein [Auricularia heimuer negative-stranded RNA virus 1]
QIC52846,Apple virus B,set:MN386971,MN386971,SRR10026220,"Wright,A.A., Harper,S.",2020-02-25,WA1,Rhizomonavirus mali,Rhizomonavirus,Mymonaviridae,ssRNA(-),257,GenBank,,,,hypothetical protein,USA: Washington,USA,WA,Malus domestica,,2018-09,SAMN12643223,PRJNA562540,MAG: hypothetical protein [Apple virus B]
QIC52847,Apple virus B,set:MN386971,MN386971,SRR10026220,"Wright,A.A., Harper,S.",2020-02-25,WA1,Rhizomonavirus mali,Rhizomonavirus,Mymonaviridae,ssRNA(-),223,GenBank,,,,hypothetical protein,USA: Washington,USA,WA,Malus domestica,,2018-09,SAMN12643223,PRJNA562540,MAG: hypothetical protein [Apple virus B]
QIC52848,Apple virus B,set:MN386971,MN386971,SRR10026220,"Wright,A.A., Harper,S.",2020-02-25,WA1,Rhizomonavirus mali,Rhizomonavirus,Mymonaviridae,ssRNA(-),356,GenBank,,,,hypothetical protein,USA: Washington,USA,WA,Malus domestica,,2018-09,SAMN12643223,PRJNA562540,MAG: hypothetical protein [Apple virus B]
QIC52849,Apple virus B,set:MN386971,MN386971,SRR10026220,"Wright,A.A., Harper,S.",2020-02-25,WA1,Rhizomonavirus mali,Rhizomonavirus,Mymonaviridae,ssRNA(-),129,GenBank,,,,hypothetical protein,USA: Washington,USA,WA,Malus domestica,,2018-09,SAMN12643223,PRJNA562540,MAG: hypothetical protein [Apple virus B]
QIC52850,Apple virus B,set:MN386971,MN386971,SRR10026220,"Wright,A.A., Harper,S.",2020-02-25,WA1,Rhizomonavirus mali,Rhizomonavirus,Mymonaviridae,ssRNA(-),1927,GenBank,,,,polyprotein,USA: Washington,USA,WA,Malus domestica,,2018-09,SAMN12643223,PRJNA562540,MAG: polyprotein [Apple virus B]
QDH88667,Narnavirus sp.,set:MN034260,MN034260,SRR5252354,"Starr,E.P., Nuccio,E., Pett-Ridge,J., Banfield,J.F., Firestone,M.K.",2019-07-10,H2_Bulk_Litter_12_scaffold_23,Narnavirus sp.,Narnavirus,Narnaviridae,ssRNA(+),197,GenBank,,,,hypothetical protein,"USA: Hopland, California",USA,CA,,,,SAMN06268178,PRJNA365990,"MAG: hypothetical protein H2BulkLitter1223_000001, partial [Narnavirus sp.]"
QDH88668,Narnavirus sp.,set:MN034260,MN034260,SRR5252354,"Starr,E.P., Nuccio,E., Pett-Ridge,J., Banfield,J.F., Firestone,M.K.",2019-07-10,H2_Bulk_Litter_12_scaffold_23,Narnavirus sp.,Narnavirus,Narnaviridae,ssRNA(+),453,GenBank,,,,hypothetical protein,"USA: Hopland, California",USA,CA,,,,SAMN06268178,PRJNA365990,MAG: hypothetical protein H2BulkLitter1223_000002 [Narnavirus sp.]
QDH88669,Narnavirus sp.,set:MN034260,MN034260,SRR5252354,"Starr,E.P., Nuccio,E., Pett-Ridge,J., Banfield,J.F., Firestone,M.K.",2019-07-10,H2_Bulk_Litter_12_scaffold_23,Narnavirus sp.,Narnavirus,Narnaviridae,ssRNA(+),192,GenBank,,,,hypothetical protein,"USA: Hopland, California",USA,CA,,,,SAMN06268178,PRJNA365990,MAG: hypothetical protein H2BulkLitter1223_000003 [Narnavirus sp.]
QDH88670,Narnavirus sp.,set:MN034260,MN034260,SRR5252354,"Starr,E.P., Nuccio,E., Pett-Ridge,J., Banfield,J.F., Firestone,M.K.",2019-07-10,H2_Bulk_Litter_12_scaffold_23,Narnavirus sp.,Narnavirus,Narnaviridae,ssRNA(+),166,GenBank,,,,hypothetical protein,"USA: Hopland, California",USA,CA,,,,SAMN06268178,PRJNA365990,MAG: hypothetical protein H2BulkLitter1223_000004 [Narnavirus sp.]
QDH88671,Narnavirus sp.,set:MN034260,MN034260,SRR5252354,"Starr,E.P., Nuccio,E., Pett-Ridge,J., Banfield,J.F., Firestone,M.K.",2019-07-10,H2_Bulk_Litter_12_scaffold_23,Narnavirus sp.,Narnavirus,Narnaviridae,ssRNA(+),1922,GenBank,,,,RNA-dependent RNA polymerase,"USA: Hopland, California",USA,CA,,,,SAMN06268178,PRJNA365990,MAG: RNA-dependent RNA polymerase [Narnavirus sp.]
BBI93111,Lentinula edodes negative-strand RNA virus 1,set:LC466007,LC466007,,"Lin,Y.H., Fujita,M., Chiba,S., Hyodo,K., Andika,I.B., Suzuki,N., Kondo,H.",2019-05-25,,Lentimonavirus lentinulae,Lentimonavirus,Mymonaviridae,ssRNA(-),315,GenBank,,,1,ORF1 protein,Japan:Hyogo,Japan,,Lentinula edodes,,2013,,,ORF1 protein [Lentinula edodes negative-strand RNA virus 1]
BBI93112,Lentinula edodes negative-strand RNA virus 1,set:LC466007,LC466007,,"Lin,Y.H., Fujita,M., Chiba,S., Hyodo,K., Andika,I.B., Suzuki,N., Kondo,H.",2019-05-25,,Lentimonavirus lentinulae,Lentimonavirus,Mymonaviridae,ssRNA(-),462,GenBank,,,1,ORF2 protein,Japan:Hyogo,Japan,,Lentinula edodes,,2013,,,ORF2 protein [Lentinula edodes negative-strand RNA virus 1]
BBI93113,Lentinula edodes negative-strand RNA virus 1,set:LC466007,LC466007,,"Lin,Y.H., Fujita,M., Chiba,S., Hyodo,K., Andika,I.B., Suzuki,N., Kondo,H.",2019-05-25,,Lentimonavirus lentinulae,Lentimonavirus,Mymonaviridae,ssRNA(-),205,GenBank,,,1,ORF3 protein,Japan:Hyogo,Japan,,Lentinula edodes,,2013,,,ORF3 protein [Lentinula edodes negative-strand RNA virus 1]
BBI93114,Lentinula edodes negative-strand RNA virus 1,set:LC466007,LC466007,,"Lin,Y.H., Fujita,M., Chiba,S., Hyodo,K., Andika,I.B., Suzuki,N., Kondo,H.",2019-05-25,,Lentimonavirus lentinulae,Lentimonavirus,Mymonaviridae,ssRNA(-),218,GenBank,,,1,ORF4 protein,Japan:Hyogo,Japan,,Lentinula edodes,,2013,,,ORF4 protein [Lentinula edodes negative-strand RNA virus 1]
BBI93115,Lentinula edodes negative-strand RNA virus 1,set:LC466007,LC466007,,"Lin,Y.H., Fujita,M., Chiba,S., Hyodo,K., Andika,I.B., Suzuki,N., Kondo,H.",2019-05-25,,Lentimonavirus lentinulae,Lentimonavirus,Mymonaviridae,ssRNA(-),144,GenBank,,,1,ORF5 protein,Japan:Hyogo,Japan,,Lentinula edodes,,2013,,,ORF5 protein [Lentinula edodes negative-strand RNA virus 1]
BBI93116,Lentinula edodes negative-strand RNA virus 1,set:LC466007,LC466007,,"Lin,Y.H., Fujita,M., Chiba,S., Hyodo,K., Andika,I.B., Suzuki,N., Kondo,H.",2019-05-25,,Lentimonavirus lentinulae,Lentimonavirus,Mymonaviridae,ssRNA(-),208,GenBank,,,1,ORF6 protein,Japan:Hyogo,Japan,,Lentinula edodes,,2013,,,ORF6 protein [Lentinula edodes negative-strand RNA virus 1]
BBI93117,Lentinula edodes negative-strand RNA virus 1,set:LC466007,LC466007,,"Lin,Y.H., Fujita,M., Chiba,S., Hyodo,K., Andika,I.B., Suzuki,N., Kondo,H.",2019-05-25,,Lentimonavirus lentinulae,Lentimonavirus,Mymonaviridae,ssRNA(-),1969,GenBank,,,1,large protein,Japan:Hyogo,Japan,,Lentinula edodes,,2013,,,large protein [Lentinula edodes negative-strand RNA virus 1]
AXS76906,Botrytis cinerea mymonavirus 1,set:MH648611,MH648611,,"Hao,F., Wu,M., Li,G.",2018-09-05,Ecan17-2,Sclerotimonavirus botrytidis,Sclerotimonavirus,Mymonaviridae,ssRNA(-),1968,GenBank,,,1,RNA-dependent RNA polymerase,China,China,,Botrytis cinerea,,2017,,,RNA-dependent RNA polymerase [Botrytis cinerea mymonavirus 1]
AXS76907,Botrytis cinerea mymonavirus 1,set:MH648611,MH648611,,"Hao,F., Wu,M., Li,G.",2018-09-05,Ecan17-2,Sclerotimonavirus botrytidis,Sclerotimonavirus,Mymonaviridae,ssRNA(-),169,GenBank,,,1,ORF2,China,China,,Botrytis cinerea,,2017,,,ORF2 [Botrytis cinerea mymonavirus 1]
AXS76908,Botrytis cinerea mymonavirus 1,set:MH648611,MH648611,,"Hao,F., Wu,M., Li,G.",2018-09-05,Ecan17-2,Sclerotimonavirus botrytidis,Sclerotimonavirus,Mymonaviridae,ssRNA(-),250,GenBank,,,1,ORF3,China,China,,Botrytis cinerea,,2017,,,ORF3 [Botrytis cinerea mymonavirus 1]
AWY11017,Sclerotinia sclerotiorum negative-stranded RNA virus 2A,set:MF444279,MF444279,,"Mu,F., Xie,J., Cheng,S., You,M.P., Barbetti,M.J., Jia,J., Wang,Q., Cheng,J., Fu,Y., Chen,T., Jiang,D., Li,B.",2018-07-07,SsNSRV2-A2,Botrytimonavirus sclerotiniae,Botrytimonavirus,Mymonaviridae,ssRNA(-),252,GenBank,,,,gp1,Australia,Australia,,Sclerotinia sclerotiorum,,2009,,,"gp1, partial [Sclerotinia sclerotiorum negative-stranded RNA virus 2A]"
AWY11018,Sclerotinia sclerotiorum negative-stranded RNA virus 2A,set:MF444279,MF444279,,"Mu,F., Xie,J., Cheng,S., You,M.P., Barbetti,M.J., Jia,J., Wang,Q., Cheng,J., Fu,Y., Chen,T., Jiang,D., Li,B.",2018-07-07,SsNSRV2-A2,Botrytimonavirus sclerotiniae,Botrytimonavirus,Mymonaviridae,ssRNA(-),381,GenBank,,,,gp2,Australia,Australia,,Sclerotinia sclerotiorum,,2009,,,gp2 [Sclerotinia sclerotiorum negative-stranded RNA virus 2A]
AWY11019,Sclerotinia sclerotiorum negative-stranded RNA virus 2A,set:MF444279,MF444279,,"Mu,F., Xie,J., Cheng,S., You,M.P., Barbetti,M.J., Jia,J., Wang,Q., Cheng,J., Fu,Y., Chen,T., Jiang,D., Li,B.",2018-07-07,SsNSRV2-A2,Botrytimonavirus sclerotiniae,Botrytimonavirus,Mymonaviridae,ssRNA(-),182,GenBank,,,,gp3,Australia,Australia,,Sclerotinia sclerotiorum,,2009,,,gp3 [Sclerotinia sclerotiorum negative-stranded RNA virus 2A]
AWY11020,Sclerotinia sclerotiorum negative-stranded RNA virus 2A,set:MF444279,MF444279,,"Mu,F., Xie,J., Cheng,S., You,M.P., Barbetti,M.J., Jia,J., Wang,Q., Cheng,J., Fu,Y., Chen,T., Jiang,D., Li,B.",2018-07-07,SsNSRV2-A2,Botrytimonavirus sclerotiniae,Botrytimonavirus,Mymonaviridae,ssRNA(-),2009,GenBank,,,,RNA-dependent RNA polymerase,Australia,Australia,,Sclerotinia sclerotiorum,,2009,,,RNA-dependent RNA polymerase [Sclerotinia sclerotiorum negative-stranded RNA virus 2A]
AWY11021,Sclerotinia sclerotiorum negative-stranded RNA virus 2A,set:MF444279,MF444279,,"Mu,F., Xie,J., Cheng,S., You,M.P., Barbetti,M.J., Jia,J., Wang,Q., Cheng,J., Fu,Y., Chen,T., Jiang,D., Li,B.",2018-07-07,SsNSRV2-A2,Botrytimonavirus sclerotiniae,Botrytimonavirus,Mymonaviridae,ssRNA(-),157,GenBank,,,,gp5,Australia,Australia,,Sclerotinia sclerotiorum,,2009,,,gp5 [Sclerotinia sclerotiorum negative-stranded RNA virus 2A]
AWY11022,Sclerotinia sclerotiorum negative-stranded RNA virus 3-A,set:MF444280,MF444280,,"Mu,F., Xie,J., Cheng,S., You,M.P., Barbetti,M.J., Jia,J., Wang,Q., Cheng,J., Fu,Y., Chen,T., Jiang,D., Li,B.",2018-07-07,SsNSRV3-A,Sclerotimonavirus sclerotiniae,Sclerotimonavirus,Mymonaviridae,ssRNA(-),273,GenBank,,,,gp1,Australia,Australia,,Sclerotinia sclerotiorum,,2009,,,"gp1, partial [Sclerotinia sclerotiorum negative-stranded RNA virus 3-A]"
AWY11023,Sclerotinia sclerotiorum negative-stranded RNA virus 3-A,set:MF444280,MF444280,,"Mu,F., Xie,J., Cheng,S., You,M.P., Barbetti,M.J., Jia,J., Wang,Q., Cheng,J., Fu,Y., Chen,T., Jiang,D., Li,B.",2018-07-07,SsNSRV3-A,Sclerotimonavirus sclerotiniae,Sclerotimonavirus,Mymonaviridae,ssRNA(-),375,GenBank,,,,gp2,Australia,Australia,,Sclerotinia sclerotiorum,,2009,,,gp2 [Sclerotinia sclerotiorum negative-stranded RNA virus 3-A]
AWY11024,Sclerotinia sclerotiorum negative-stranded RNA virus 3-A,set:MF444280,MF444280,,"Mu,F., Xie,J., Cheng,S., You,M.P., Barbetti,M.J., Jia,J., Wang,Q., Cheng,J., Fu,Y., Chen,T., Jiang,D., Li,B.",2018-07-07,SsNSRV3-A,Sclerotimonavirus sclerotiniae,Sclerotimonavirus,Mymonaviridae,ssRNA(-),269,GenBank,,,,gp3,Australia,Australia,,Sclerotinia sclerotiorum,,2009,,,gp3 [Sclerotinia sclerotiorum negative-stranded RNA virus 3-A]
AWY11025,Sclerotinia sclerotiorum negative-stranded RNA virus 3-A,set:MF444280,MF444280,,"Mu,F., Xie,J., Cheng,S., You,M.P., Barbetti,M.J., Jia,J., Wang,Q., Cheng,J., Fu,Y., Chen,T., Jiang,D., Li,B.",2018-07-07,SsNSRV3-A,Sclerotimonavirus sclerotiniae,Sclerotimonavirus,Mymonaviridae,ssRNA(-),1934,GenBank,,,,RNA-dependent RNA polymerase,Australia,Australia,,Sclerotinia sclerotiorum,,2009,,,RNA-dependent RNA polymerase [Sclerotinia sclerotiorum negative-stranded RNA virus 3-A]
AWY11026,Sclerotinia sclerotiorum negative-stranded RNA virus 3-A,set:MF444280,MF444280,,"Mu,F., Xie,J., Cheng,S., You,M.P., Barbetti,M.J., Jia,J., Wang,Q., Cheng,J., Fu,Y., Chen,T., Jiang,D., Li,B.",2018-07-07,SsNSRV3-A,Sclerotimonavirus sclerotiniae,Sclerotimonavirus,Mymonaviridae,ssRNA(-),163,GenBank,,,,gp6,Australia,Australia,,Sclerotinia sclerotiorum,,2009,,,gp6 [Sclerotinia sclerotiorum negative-stranded RNA virus 3-A]
AWY11027,Sclerotinia sclerotiorum negative-stranded RNA virus 3-A,set:MF444280,MF444280,,"Mu,F., Xie,J., Cheng,S., You,M.P., Barbetti,M.J., Jia,J., Wang,Q., Cheng,J., Fu,Y., Chen,T., Jiang,D., Li,B.",2018-07-07,SsNSRV3-A,Sclerotimonavirus sclerotiniae,Sclerotimonavirus,Mymonaviridae,ssRNA(-),61,GenBank,,,,gp4,Australia,Australia,,Sclerotinia sclerotiorum,,2009,,,gp4 [Sclerotinia sclerotiorum negative-stranded RNA virus 3-A]
AWY11040,Sclerotinia sclerotiorum negative-stranded RNA virus 7,set:MF444285,MF444285,,"Mu,F., Xie,J., Cheng,S., You,M.P., Barbetti,M.J., Jia,J., Wang,Q., Cheng,J., Fu,Y., Chen,T., Jiang,D., Li,B.",2018-07-07,SsNSRV7,Sclerotimonavirus botrytidis,Sclerotimonavirus,Mymonaviridae,ssRNA(-),1968,GenBank,,,,RNA-dependent RNA polymerase,Australia,Australia,,Sclerotinia sclerotiorum,,2009,,,RNA-dependent RNA polymerase [Sclerotinia sclerotiorum negative-stranded RNA virus 7]
ATP75706,Fusarium graminearum negative-stranded RNA virus 1,set:MF276904,MF276904,,"Wang,L., He,H., Wang,S., Chen,X., Qiu,D., Kondo,H., Guo,L.",2017-11-06,,Sclerotimonavirus fusarii,Sclerotimonavirus,Mymonaviridae,ssRNA(-),257,GenBank,,,1,hypothetical protein,China,China,,Fusarium graminearum,,2012-04,,,hypothetical protein [Fusarium graminearum negative-stranded RNA virus 1]
ATP75707,Fusarium graminearum negative-stranded RNA virus 1,set:MF276904,MF276904,,"Wang,L., He,H., Wang,S., Chen,X., Qiu,D., Kondo,H., Guo,L.",2017-11-06,,Sclerotimonavirus fusarii,Sclerotimonavirus,Mymonaviridae,ssRNA(-),388,GenBank,,,1,nucleoprotein,China,China,,Fusarium graminearum,,2012-04,,,nucleoprotein [Fusarium graminearum negative-stranded RNA virus 1]
ATP75708,Fusarium graminearum negative-stranded RNA virus 1,set:MF276904,MF276904,,"Wang,L., He,H., Wang,S., Chen,X., Qiu,D., Kondo,H., Guo,L.",2017-11-06,,Sclerotimonavirus fusarii,Sclerotimonavirus,Mymonaviridae,ssRNA(-),56,GenBank,,,1,hypothetical protein,China,China,,Fusarium graminearum,,2012-04,,,hypothetical protein [Fusarium graminearum negative-stranded RNA virus 1]
ATP75709,Fusarium graminearum negative-stranded RNA virus 1,set:MF276904,MF276904,,"Wang,L., He,H., Wang,S., Chen,X., Qiu,D., Kondo,H., Guo,L.",2017-11-06,,Sclerotimonavirus fusarii,Sclerotimonavirus,Mymonaviridae,ssRNA(-),1941,GenBank,,,1,RNA-dependent RNA polymerase,China,China,,Fusarium graminearum,,2012-04,,,RNA-dependent RNA polymerase [Fusarium graminearum negative-stranded RNA virus 1]
ATP75710,Fusarium graminearum negative-stranded RNA virus 1,set:MF276904,MF276904,,"Wang,L., He,H., Wang,S., Chen,X., Qiu,D., Kondo,H., Guo,L.",2017-11-06,,Sclerotimonavirus fusarii,Sclerotimonavirus,Mymonaviridae,ssRNA(-),183,GenBank,,,1,hypothetical protein,China,China,,Fusarium graminearum,,2012-04,,,hypothetical protein [Fusarium graminearum negative-stranded RNA virus 1]
ALD89140,Sclerotinia sclerotiorum negative-stranded RNA virus 4,set:KP900930,KP900930,,"Marzano,S.-Y.L., Nelson,B.D., Ajayi-Oyetunde,O., Bradley,C.A., Hughes,T.J., Hartman,G.L., Eastburn,D.M., Domier,L.L., Hobbs,H.A., Ajayi,O.O., Bradley,C.",2015-09-19,257,Botrytimonavirus sclerotiniae,Botrytimonavirus,Mymonaviridae,ssRNA(-),2010,GenBank,,,,RNA-dependent RNA polymerase,USA,USA,,Sclerotinia sclerotiorum,,2013-06-01,,,RNA-dependent RNA polymerase [Sclerotinia sclerotiorum negative-stranded RNA virus 4]
ALD89141,Sclerotinia sclerotiorum negative-stranded RNA virus 4,set:KP900930,KP900930,,"Marzano,S.-Y.L., Nelson,B.D., Ajayi-Oyetunde,O., Bradley,C.A., Hughes,T.J., Hartman,G.L., Eastburn,D.M., Domier,L.L., Hobbs,H.A., Ajayi,O.O., Bradley,C.",2015-09-19,257,Botrytimonavirus sclerotiniae,Botrytimonavirus,Mymonaviridae,ssRNA(-),284,GenBank,,,,gp1,USA,USA,,Sclerotinia sclerotiorum,,2013-06-01,,,gp1 [Sclerotinia sclerotiorum negative-stranded RNA virus 4]
ALD89142,Sclerotinia sclerotiorum negative-stranded RNA virus 4,set:KP900930,KP900930,,"Marzano,S.-Y.L., Nelson,B.D., Ajayi-Oyetunde,O., Bradley,C.A., Hughes,T.J., Hartman,G.L., Eastburn,D.M., Domier,L.L., Hobbs,H.A., Ajayi,O.O., Bradley,C.",2015-09-19,257,Botrytimonavirus sclerotiniae,Botrytimonavirus,Mymonaviridae,ssRNA(-),381,GenBank,,,,gp2,USA,USA,,Sclerotinia sclerotiorum,,2013-06-01,,,gp2 [Sclerotinia sclerotiorum negative-stranded RNA virus 4]
ALD89143,Sclerotinia sclerotiorum negative-stranded RNA virus 4,set:KP900930,KP900930,,"Marzano,S.-Y.L., Nelson,B.D., Ajayi-Oyetunde,O., Bradley,C.A., Hughes,T.J., Hartman,G.L., Eastburn,D.M., Domier,L.L., Hobbs,H.A., Ajayi,O.O., Bradley,C.",2015-09-19,257,Botrytimonavirus sclerotiniae,Botrytimonavirus,Mymonaviridae,ssRNA(-),182,GenBank,,,,gp3,USA,USA,,Sclerotinia sclerotiorum,,2013-06-01,,,gp3 [Sclerotinia sclerotiorum negative-stranded RNA virus 4]
ALD89144,Sclerotinia sclerotiorum negative-stranded RNA virus 4,set:KP900930,KP900930,,"Marzano,S.-Y.L., Nelson,B.D., Ajayi-Oyetunde,O., Bradley,C.A., Hughes,T.J., Hartman,G.L., Eastburn,D.M., Domier,L.L., Hobbs,H.A., Ajayi,O.O., Bradley,C.",2015-09-19,257,Botrytimonavirus sclerotiniae,Botrytimonavirus,Mymonaviridae,ssRNA(-),158,GenBank,,,,gp5,USA,USA,,Sclerotinia sclerotiorum,,2013-06-01,,,gp5 [Sclerotinia sclerotiorum negative-stranded RNA virus 4]
ALD89145,Sclerotinia sclerotiorum negative-stranded RNA virus 2,set:KP900931,KP900931,,"Marzano,S.-Y.L., Nelson,B.D., Ajayi-Oyetunde,O., Bradley,C.A., Hughes,T.J., Hartman,G.L., Eastburn,D.M., Domier,L.L., Hobbs,H.A., Ajayi,O.O., Bradley,C.",2015-09-19,500,Botrytimonavirus sclerotiniae,Botrytimonavirus,Mymonaviridae,ssRNA(-),2009,GenBank,,,,RNA-dependent RNA polymerase,USA,USA,,Sclerotinia sclerotiorum,,2013-06-01,,,RNA-dependent RNA polymerase [Sclerotinia sclerotiorum negative-stranded RNA virus 2]
ALD89146,Sclerotinia sclerotiorum negative-stranded RNA virus 2,set:KP900931,KP900931,,"Marzano,S.-Y.L., Nelson,B.D., Ajayi-Oyetunde,O., Bradley,C.A., Hughes,T.J., Hartman,G.L., Eastburn,D.M., Domier,L.L., Hobbs,H.A., Ajayi,O.O., Bradley,C.",2015-09-19,500,Botrytimonavirus sclerotiniae,Botrytimonavirus,Mymonaviridae,ssRNA(-),285,GenBank,,,,gp1,USA,USA,,Sclerotinia sclerotiorum,,2013-06-01,,,gp1 [Sclerotinia sclerotiorum negative-stranded RNA virus 2]
ALD89147,Sclerotinia sclerotiorum negative-stranded RNA virus 2,set:KP900931,KP900931,,"Marzano,S.-Y.L., Nelson,B.D., Ajayi-Oyetunde,O., Bradley,C.A., Hughes,T.J., Hartman,G.L., Eastburn,D.M., Domier,L.L., Hobbs,H.A., Ajayi,O.O., Bradley,C.",2015-09-19,500,Botrytimonavirus sclerotiniae,Botrytimonavirus,Mymonaviridae,ssRNA(-),381,GenBank,,,,gp2,USA,USA,,Sclerotinia sclerotiorum,,2013-06-01,,,gp2 [Sclerotinia sclerotiorum negative-stranded RNA virus 2]
ALD89148,Sclerotinia sclerotiorum negative-stranded RNA virus 2,set:KP900931,KP900931,,"Marzano,S.-Y.L., Nelson,B.D., Ajayi-Oyetunde,O., Bradley,C.A., Hughes,T.J., Hartman,G.L., Eastburn,D.M., Domier,L.L., Hobbs,H.A., Ajayi,O.O., Bradley,C.",2015-09-19,500,Botrytimonavirus sclerotiniae,Botrytimonavirus,Mymonaviridae,ssRNA(-),182,GenBank,,,,gp3,USA,USA,,Sclerotinia sclerotiorum,,2013-06-01,,,gp3 [Sclerotinia sclerotiorum negative-stranded RNA virus 2]
ALD89149,Sclerotinia sclerotiorum negative-stranded RNA virus 2,set:KP900931,KP900931,,"Marzano,S.-Y.L., Nelson,B.D., Ajayi-Oyetunde,O., Bradley,C.A., Hughes,T.J., Hartman,G.L., Eastburn,D.M., Domier,L.L., Hobbs,H.A., Ajayi,O.O., Bradley,C.",2015-09-19,500,Botrytimonavirus sclerotiniae,Botrytimonavirus,Mymonaviridae,ssRNA(-),157,GenBank,,,,gp5,USA,USA,,Sclerotinia sclerotiorum,,2013-06-01,,,gp5 [Sclerotinia sclerotiorum negative-stranded RNA virus 2]
AJT39499,Sclerotinia sclerotiorum negative-stranded RNA virus 3,set:KC601997,KC601997,,"Marzano,S.-Y.L., Nelson,B.D., Ajayi-Oyetunde,O., Bradley,C.A., Hughes,T.J., Hartman,G.L., Eastburn,D.M., Domier,L.L., Hobbs,H.A., Ajayi,O.",2015-03-10,IL1,Sclerotimonavirus sclerotiniae,Sclerotimonavirus,Mymonaviridae,ssRNA(-),289,GenBank,,,,gp1,USA,USA,,Sclerotinia sclerotiorum,,2008-08-08,,,gp1 [Sclerotinia sclerotiorum negative-stranded RNA virus 3]
AJT39500,Sclerotinia sclerotiorum negative-stranded RNA virus 3,set:KC601997,KC601997,,"Marzano,S.-Y.L., Nelson,B.D., Ajayi-Oyetunde,O., Bradley,C.A., Hughes,T.J., Hartman,G.L., Eastburn,D.M., Domier,L.L., Hobbs,H.A., Ajayi,O.",2015-03-10,IL1,Sclerotimonavirus sclerotiniae,Sclerotimonavirus,Mymonaviridae,ssRNA(-),375,GenBank,,,,gp2,USA,USA,,Sclerotinia sclerotiorum,,2008-08-08,,,gp2 [Sclerotinia sclerotiorum negative-stranded RNA virus 3]
AJT39501,Sclerotinia sclerotiorum negative-stranded RNA virus 3,set:KC601997,KC601997,,"Marzano,S.-Y.L., Nelson,B.D., Ajayi-Oyetunde,O., Bradley,C.A., Hughes,T.J., Hartman,G.L., Eastburn,D.M., Domier,L.L., Hobbs,H.A., Ajayi,O.",2015-03-10,IL1,Sclerotimonavirus sclerotiniae,Sclerotimonavirus,Mymonaviridae,ssRNA(-),269,GenBank,,,,gp3,USA,USA,,Sclerotinia sclerotiorum,,2008-08-08,,,gp3 [Sclerotinia sclerotiorum negative-stranded RNA virus 3]
AJT39502,Sclerotinia sclerotiorum negative-stranded RNA virus 3,set:KC601997,KC601997,,"Marzano,S.-Y.L., Nelson,B.D., Ajayi-Oyetunde,O., Bradley,C.A., Hughes,T.J., Hartman,G.L., Eastburn,D.M., Domier,L.L., Hobbs,H.A., Ajayi,O.",2015-03-10,IL1,Sclerotimonavirus sclerotiniae,Sclerotimonavirus,Mymonaviridae,ssRNA(-),61,GenBank,,,,gp4,USA,USA,,Sclerotinia sclerotiorum,,2008-08-08,,,gp4 [Sclerotinia sclerotiorum negative-stranded RNA virus 3]
AJT39503,Sclerotinia sclerotiorum negative-stranded RNA virus 3,set:KC601997,KC601997,,"Marzano,S.-Y.L., Nelson,B.D., Ajayi-Oyetunde,O., Bradley,C.A., Hughes,T.J., Hartman,G.L., Eastburn,D.M., Domier,L.L., Hobbs,H.A., Ajayi,O.",2015-03-10,IL1,Sclerotimonavirus sclerotiniae,Sclerotimonavirus,Mymonaviridae,ssRNA(-),1934,GenBank,,,,gp5,USA,USA,,Sclerotinia sclerotiorum,,2008-08-08,,,gp5 [Sclerotinia sclerotiorum negative-stranded RNA virus 3]
AJT39504,Sclerotinia sclerotiorum negative-stranded RNA virus 3,set:KC601997,KC601997,,"Marzano,S.-Y.L., Nelson,B.D., Ajayi-Oyetunde,O., Bradley,C.A., Hughes,T.J., Hartman,G.L., Eastburn,D.M., Domier,L.L., Hobbs,H.A., Ajayi,O.",2015-03-10,IL1,Sclerotimonavirus sclerotiniae,Sclerotimonavirus,Mymonaviridae,ssRNA(-),163,GenBank,,,,gp6,USA,USA,,Sclerotinia sclerotiorum,,2008-08-08,,,gp6 [Sclerotinia sclerotiorum negative-stranded RNA virus 3]
AHW76807,Sclerotinia sclerotiorum negative-stranded RNA virus 1,set:KJ186782,KJ186782,,"Liu,L., Xie,J., Cheng,J., Fu,Y., Li,G., Yi,X., Jiang,D.",2014-04-16,,Sclerotimonavirus sclerotiniae,Sclerotimonavirus,Mymonaviridae,ssRNA(-),242,GenBank,,,1,hypothetical protein,China,China,,Sclerotinia sclerotiorum,,2010-05-01,,,hypothetical protein [Sclerotinia sclerotiorum negative-stranded RNA virus 1]
AHW76808,Sclerotinia sclerotiorum negative-stranded RNA virus 1,set:KJ186782,KJ186782,,"Liu,L., Xie,J., Cheng,J., Fu,Y., Li,G., Yi,X., Jiang,D.",2014-04-16,,Sclerotimonavirus sclerotiniae,Sclerotimonavirus,Mymonaviridae,ssRNA(-),375,GenBank,,,1,nucleoprotein,China,China,,Sclerotinia sclerotiorum,,2010-05-01,,,nucleoprotein [Sclerotinia sclerotiorum negative-stranded RNA virus 1]
AHW76809,Sclerotinia sclerotiorum negative-stranded RNA virus 1,set:KJ186782,KJ186782,,"Liu,L., Xie,J., Cheng,J., Fu,Y., Li,G., Yi,X., Jiang,D.",2014-04-16,,Sclerotimonavirus sclerotiniae,Sclerotimonavirus,Mymonaviridae,ssRNA(-),269,GenBank,,,1,hypothetical protein,China,China,,Sclerotinia sclerotiorum,,2010-05-01,,,hypothetical protein [Sclerotinia sclerotiorum negative-stranded RNA virus 1]
AHW76810,Sclerotinia sclerotiorum negative-stranded RNA virus 1,set:KJ186782,KJ186782,,"Liu,L., Xie,J., Cheng,J., Fu,Y., Li,G., Yi,X., Jiang,D.",2014-04-16,,Sclerotimonavirus sclerotiniae,Sclerotimonavirus,Mymonaviridae,ssRNA(-),62,GenBank,,,1,hypothetical protein,China,China,,Sclerotinia sclerotiorum,,2010-05-01,,,hypothetical protein [Sclerotinia sclerotiorum negative-stranded RNA virus 1]
AHW76811,Sclerotinia sclerotiorum negative-stranded RNA virus 1,set:KJ186782,KJ186782,,"Liu,L., Xie,J., Cheng,J., Fu,Y., Li,G., Yi,X., Jiang,D.",2014-04-16,,Sclerotimonavirus sclerotiniae,Sclerotimonavirus,Mymonaviridae,ssRNA(-),1934,GenBank,,,1,large polymerase,China,China,,Sclerotinia sclerotiorum,,2010-05-01,,,large polymerase [Sclerotinia sclerotiorum negative-stranded RNA virus 1]
AHW76812,Sclerotinia sclerotiorum negative-stranded RNA virus 1,set:KJ186782,KJ186782,,"Liu,L., Xie,J., Cheng,J., Fu,Y., Li,G., Yi,X., Jiang,D.",2014-04-16,,Sclerotimonavirus sclerotiniae,Sclerotimonavirus,Mymonaviridae,ssRNA(-),168,GenBank,,,1,hypothetical protein,China,China,,Sclerotinia sclerotiorum,,2010-05-01,,,hypothetical protein [Sclerotinia sclerotiorum negative-stranded RNA virus 1]
